Range	Drop (inches)	Velocity	Energy	Wind drift (inches)	Time (milliseconds)
0	0.0037	3098	746	0.0000	0
1	0.0258	3089	741	0.0000	1
2	0.0476	3080	737	0.0000	2
3	0.0689	3071	733	0.0000	3
4	0.0899	3063	729	0.0000	4
5	0.1106	3054	725	0.0000	5
6	0.1308	3045	720	0.0000	6
7	0.1507	3036	716	0.0000	7
8	0.1702	3027	712	0.0000	8
9	0.1893	3018	708	0.0000	9
10	0.2081	3009	704	0.0000	10
11	0.2264	3000	699	0.0000	11
12	0.2444	2991	695	0.0000	12
13	0.2620	2983	691	0.0000	13
14	0.2792	2974	687	0.0000	14
15	0.2960	2965	683	0.0000	15
16	0.3124	2956	679	0.0000	16
17	0.3284	2948	675	0.0000	17
18	0.3440	2939	671	0.0000	18
19	0.3592	2930	667	0.0000	19
20	0.3740	2922	663	0.0000	20
21	0.3884	2913	659	0.0000	21
22	0.4024	2904	655	0.0000	22
23	0.4160	2896	652	0.0000	23
24	0.4292	2887	648	0.0000	24
25	0.4419	2879	644	0.0000	25
26	0.4542	2870	640	0.0000	26
27	0.4661	2861	636	0.0000	28
28	0.4776	2853	632	0.0000	29
29	0.4886	2844	628	0.0000	30
30	0.4993	2836	625	0.0000	31
31	0.5095	2827	621	0.0000	32
32	0.5192	2819	617	0.0000	33
33	0.5285	2810	614	0.0000	34
34	0.5374	2802	610	0.0000	35
35	0.5458	2794	607	0.0000	36
36	0.5538	2785	603	0.0000	37
37	0.5613	2777	599	0.0000	38
38	0.5684	2768	595	0.0000	39
39	0.5751	2760	592	0.0000	40
40	0.5812	2752	588	0.0000	41
41	0.5870	2743	585	0.0000	43
42	0.5922	2735	581	0.0000	44
43	0.5970	2727	578	0.0000	45
44	0.6013	2719	574	0.0000	46
45	0.6052	2710	571	0.0000	47
46	0.6086	2702	567	0.0000	48
47	0.6115	2694	564	0.0000	49
48	0.6139	2686	561	0.0000	50
49	0.6159	2677	557	0.0000	51
50	0.6173	2669	554	0.0000	53
51	0.6183	2661	550	0.0000	54
52	0.6188	2653	547	0.0000	55
53	0.6188	2645	544	0.0000	56
54	0.6182	2637	540	0.0000	57
55	0.6172	2629	537	0.0000	58
56	0.6157	2620	533	0.0000	59
57	0.6137	2612	530	0.0000	60
58	0.6112	2604	527	0.0000	62
59	0.6081	2596	524	0.0000	63
60	0.6046	2588	520	0.0000	64
61	0.6005	2580	517	0.0000	65
62	0.5959	2572	514	0.0000	66
63	0.5908	2564	511	0.0000	67
64	0.5851	2556	508	0.0000	69
65	0.5789	2548	504	0.0000	70
66	0.5722	2540	501	0.0000	71
67	0.5650	2532	498	0.0000	72
68	0.5572	2524	495	0.0000	73
69	0.5488	2517	492	0.0000	75
70	0.5399	2509	489	0.0000	76
71	0.5305	2501	486	0.0000	77
72	0.5205	2493	483	0.0000	78
73	0.5099	2485	480	0.0000	79
74	0.4988	2477	477	0.0000	81
75	0.4871	2469	474	0.0000	82
76	0.4748	2462	471	0.0000	83
77	0.4620	2454	468	0.0000	84
78	0.4486	2446	465	0.0000	85
79	0.4346	2438	462	0.0000	87
80	0.4200	2430	459	0.0000	88
81	0.4048	2423	456	0.0000	89
82	0.3891	2415	453	0.0000	90
83	0.3727	2407	450	0.0000	92
84	0.3558	2400	448	0.0000	93
85	0.3382	2392	445	0.0000	94
86	0.3201	2384	442	0.0000	95
87	0.3013	2377	439	0.0000	97
88	0.2819	2369	436	0.0000	98
89	0.2619	2361	433	0.0000	99
90	0.2412	2354	431	0.0000	100
91	0.2200	2346	428	0.0000	102
92	0.1981	2338	425	0.0000	103
93	0.1756	2331	422	0.0000	104
94	0.1524	2323	419	0.0000	106
95	0.1286	2316	417	0.0000	107
96	0.1041	2308	414	0.0000	108
97	0.0790	2301	411	0.0000	109
98	0.0532	2293	409	0.0000	111
99	0.0268	2286	406	0.0000	112
100	-0.0003	2278	403	0.0000	113
101	-0.0281	2271	401	0.0000	115
102	-0.0565	2263	398	0.0000	116
103	-0.0856	2256	395	0.0000	117
104	-0.1154	2248	393	0.0000	119
105	-0.1459	2241	390	0.0000	120
106	-0.1771	2233	387	0.0000	121
107	-0.2090	2226	385	0.0000	123
108	-0.2416	2219	383	0.0000	124
109	-0.2749	2211	380	0.0000	125
110	-0.3089	2204	377	0.0000	127
111	-0.3436	2197	375	0.0000	128
112	-0.3790	2189	372	0.0000	129
113	-0.4152	2182	370	0.0000	131
114	-0.4521	2175	368	0.0000	132
115	-0.4897	2167	365	0.0000	134
116	-0.5280	2160	363	0.0000	135
117	-0.5671	2153	360	0.0000	136
118	-0.6070	2146	358	0.0000	138
119	-0.6476	2138	355	0.0000	139
120	-0.6890	2131	353	0.0000	141
121	-0.7311	2124	351	0.0000	142
122	-0.7740	2117	348	0.0000	143
123	-0.8177	2110	346	0.0000	145
124	-0.8622	2102	343	0.0000	146
125	-0.9074	2095	341	0.0000	148
126	-0.9535	2088	339	0.0000	149
127	-1.0003	2081	336	0.0000	151
128	-1.0480	2074	334	0.0000	152
129	-1.0964	2067	332	0.0000	153
130	-1.1457	2060	330	0.0000	155
131	-1.1958	2053	328	0.0000	156
132	-1.2467	2046	325	0.0000	158
133	-1.2984	2039	323	0.0000	159
134	-1.3510	2032	321	0.0000	161
135	-1.4044	2025	319	0.0000	162
136	-1.4587	2018	316	0.0000	164
137	-1.5138	2011	314	0.0000	165
138	-1.5698	2004	312	0.0000	167
139	-1.6267	1997	310	0.0000	168
140	-1.6844	1990	308	0.0000	170
141	-1.7430	1983	306	0.0000	171
142	-1.8024	1976	303	0.0000	173
143	-1.8628	1969	301	0.0000	174
144	-1.9241	1962	299	0.0000	176
145	-1.9863	1955	297	0.0000	177
146	-2.0493	1948	295	0.0000	179
147	-2.1133	1942	293	0.0000	180
148	-2.1783	1935	291	0.0000	182
149	-2.2441	1928	289	0.0000	184
150	-2.3109	1921	287	0.0000	185
151	-2.3786	1914	285	0.0000	187
152	-2.4473	1908	283	0.0000	188
153	-2.5169	1901	281	0.0000	190
154	-2.5875	1894	279	0.0000	191
155	-2.6590	1888	277	0.0000	193
156	-2.7316	1881	275	0.0000	195
157	-2.8051	1874	273	0.0000	196
158	-2.8796	1867	271	0.0000	198
159	-2.9551	1861	269	0.0000	199
160	-3.0316	1854	267	0.0000	201
161	-3.1091	1848	265	0.0000	203
162	-3.1877	1841	263	0.0000	204
163	-3.2672	1834	261	0.0000	206
164	-3.3478	1828	260	0.0000	208
165	-3.4294	1821	258	0.0000	209
166	-3.5121	1815	256	0.0000	211
167	-3.5959	1808	254	0.0000	212
168	-3.6807	1802	252	0.0000	214
169	-3.7665	1795	250	0.0000	216
170	-3.8535	1789	249	0.0000	217
171	-3.9415	1782	247	0.0000	219
172	-4.0306	1776	245	0.0000	221
173	-4.1209	1769	243	0.0000	223
174	-4.2122	1763	242	0.0000	224
175	-4.3047	1757	240	0.0000	226
176	-4.3983	1750	238	0.0000	228
177	-4.4930	1744	236	0.0000	229
178	-4.5888	1738	235	0.0000	231
179	-4.6859	1731	233	0.0000	233
180	-4.7840	1725	231	0.0000	235
181	-4.8834	1719	230	0.0000	236
182	-4.9839	1712	228	0.0000	238
183	-5.0856	1706	226	0.0000	240
184	-5.1885	1700	225	0.0000	242
185	-5.2926	1694	223	0.0000	243
186	-5.3979	1688	221	0.0000	245
187	-5.5044	1681	220	0.0000	247
188	-5.6122	1675	218	0.0000	249
189	-5.7212	1669	216	0.0000	250
190	-5.8314	1663	215	0.0000	252
191	-5.9429	1657	213	0.0000	254
192	-6.0557	1651	212	0.0000	256
193	-6.1698	1645	210	0.0000	258
194	-6.2851	1639	209	0.0000	260
195	-6.4017	1633	207	0.0000	261
196	-6.5196	1627	206	0.0000	263
197	-6.6389	1621	204	0.0000	265
198	-6.7594	1615	203	0.0000	267
199	-6.8813	1609	201	0.0000	269
200	-7.0046	1603	200	0.0000	271
201	-7.1292	1597	198	0.0000	273
202	-7.2551	1591	197	0.0000	274
203	-7.3825	1585	195	0.0000	276
204	-7.5112	1580	194	0.0000	278
205	-7.6413	1574	193	0.0000	280
206	-7.7728	1568	191	0.0000	282
207	-7.9057	1562	190	0.0000	284
208	-8.0400	1557	188	0.0000	286
209	-8.1758	1551	187	0.0000	288
210	-8.3130	1545	185	0.0000	290
211	-8.4517	1539	184	0.0000	292
212	-8.5919	1534	183	0.0000	294
213	-8.7335	1528	181	0.0000	296
214	-8.8766	1522	180	0.0000	298
215	-9.0212	1517	179	0.0000	300
216	-9.1673	1511	177	0.0000	302
217	-9.3150	1506	176	0.0000	303
218	-9.4642	1500	175	0.0000	305
219	-9.6149	1494	173	0.0000	307
220	-9.7672	1489	172	0.0000	310
221	-9.9210	1483	171	0.0000	312
222	-10.0764	1478	170	0.0000	314
223	-10.2334	1473	169	0.0000	316
224	-10.3921	1467	167	0.0000	318
225	-10.5523	1462	166	0.0000	320
226	-10.7142	1456	165	0.0000	322
227	-10.8777	1451	164	0.0000	324
228	-11.0428	1446	162	0.0000	326
229	-11.2096	1440	161	0.0000	328
230	-11.3781	1435	160	0.0000	330
231	-11.5483	1430	159	0.0000	332
232	-11.7202	1425	158	0.0000	334
233	-11.8938	1419	156	0.0000	336
234	-12.0691	1414	155	0.0000	338
235	-12.2461	1409	154	0.0000	341
236	-12.4249	1404	153	0.0000	343
237	-12.6055	1399	152	0.0000	345
238	-12.7879	1394	151	0.0000	347
239	-12.9720	1389	150	0.0000	349
240	-13.1579	1384	149	0.0000	351
241	-13.3457	1379	148	0.0000	354
242	-13.5353	1374	147	0.0000	356
243	-13.7267	1369	146	0.0000	358
244	-13.9200	1364	145	0.0000	360
245	-14.1151	1359	144	0.0000	362
246	-14.3122	1354	142	0.0000	364
247	-14.5111	1349	141	0.0000	367
248	-14.7119	1344	140	0.0000	369
249	-14.9147	1339	139	0.0000	371
250	-15.1194	1335	138	0.0000	373
251	-15.3260	1330	137	0.0000	376
252	-15.5347	1325	136	0.0000	378
253	-15.7453	1320	135	0.0000	380
254	-15.9579	1316	135	0.0000	382
255	-16.1725	1311	134	0.0000	385
256	-16.3891	1306	133	0.0000	387
257	-16.6077	1302	132	0.0000	389
258	-16.8285	1297	131	0.0000	392
259	-17.0512	1293	130	0.0000	394
260	-17.2761	1288	129	0.0000	396
261	-17.5030	1284	128	0.0000	399
262	-17.7321	1279	127	0.0000	401
263	-17.9633	1275	126	0.0000	403
264	-18.1966	1271	126	0.0000	406
265	-18.4321	1266	125	0.0000	408
266	-18.6697	1262	124	0.0000	410
267	-18.9095	1258	123	0.0000	413
268	-19.1516	1253	122	0.0000	415
269	-19.3958	1249	121	0.0000	418
270	-19.6423	1245	120	0.0000	420
271	-19.8910	1241	120	0.0000	422
272	-20.1419	1237	119	0.0000	425
273	-20.3952	1233	118	0.0000	427
274	-20.6507	1229	117	0.0000	430
275	-20.9085	1225	117	0.0000	432
276	-21.1687	1221	116	0.0000	435
277	-21.4312	1217	115	0.0000	437
278	-21.6960	1213	114	0.0000	440
279	-21.9632	1209	114	0.0000	442
280	-22.2327	1205	113	0.0000	445
281	-22.5047	1201	112	0.0000	447
282	-22.7791	1197	111	0.0000	450
283	-23.0559	1194	111	0.0000	452
284	-23.3351	1190	110	0.0000	455
285	-23.6168	1186	109	0.0000	457
286	-23.9010	1182	109	0.0000	460
287	-24.1876	1179	108	0.0000	462
288	-24.4768	1175	107	0.0000	465
289	-24.7685	1172	107	0.0000	467
290	-25.0627	1168	106	0.0000	470
291	-25.3594	1165	105	0.0000	472
292	-25.6587	1161	105	0.0000	475
293	-25.9606	1158	104	0.0000	478
294	-26.2651	1154	103	0.0000	480
295	-26.5722	1151	103	0.0000	483
296	-26.8819	1148	102	0.0000	485
297	-27.1943	1144	102	0.0000	488
298	-27.5093	1141	101	0.0000	491
299	-27.8270	1138	101	0.0000	493
300	-28.1474	1135	100	0.0000	496
301	-28.4704	1132	100	0.0000	499
302	-28.7962	1128	99	0.0000	501
303	-29.1247	1125	98	0.0000	504
304	-29.4560	1122	98	0.0000	507
305	-29.7900	1119	97	0.0000	509
306	-30.1268	1116	97	0.0000	512
307	-30.4664	1113	96	0.0000	515
308	-30.8088	1110	96	0.0000	517
309	-31.1540	1107	95	0.0000	520
310	-31.5020	1105	95	0.0000	523
311	-31.8529	1102	94	0.0000	525
312	-32.2067	1099	94	0.0000	528
313	-32.5633	1096	93	0.0000	531
314	-32.9228	1093	93	0.0000	534
315	-33.2853	1091	92	0.0000	536
316	-33.6506	1088	92	0.0000	539
317	-34.0189	1085	91	0.0000	542
318	-34.3902	1083	91	0.0000	545
319	-34.7644	1080	91	0.0000	547
320	-35.1416	1077	90	0.0000	550
321	-35.5218	1075	90	0.0000	553
322	-35.9050	1072	89	0.0000	556
323	-36.2912	1070	89	0.0000	559
324	-36.6805	1067	88	0.0000	561
325	-37.0728	1065	88	0.0000	564
326	-37.4682	1062	88	0.0000	567
327	-37.8667	1060	87	0.0000	570
328	-38.2682	1057	87	0.0000	573
329	-38.6729	1055	86	0.0000	576
330	-39.0807	1053	86	0.0000	578
331	-39.4916	1050	86	0.0000	581
332	-39.9057	1048	85	0.0000	584
333	-40.3230	1046	85	0.0000	587
334	-40.7434	1044	85	0.0000	590
335	-41.1670	1041	84	0.0000	593
336	-41.5938	1039	84	0.0000	596
337	-42.0239	1037	84	0.0000	598
338	-42.4571	1035	83	0.0000	601
339	-42.8937	1032	83	0.0000	604
340	-43.3335	1030	82	0.0000	607
341	-43.7765	1028	82	0.0000	610
342	-44.2229	1026	82	0.0000	613
343	-44.6725	1024	81	0.0000	616
344	-45.1255	1022	81	0.0000	619
345	-45.5818	1020	81	0.0000	622
346	-46.0414	1018	81	0.0000	625
347	-46.5044	1016	80	0.0000	628
348	-46.9708	1014	80	0.0000	631
349	-47.4405	1012	80	0.0000	634
350	-47.9137	1010	79	0.0000	637
351	-48.3902	1008	79	0.0000	640
352	-48.8702	1006	79	0.0000	643
353	-49.3536	1004	78	0.0000	646
354	-49.8404	1002	78	0.0000	649
355	-50.3308	1000	78	0.0000	652
356	-50.8245	998	77	0.0000	655
357	-51.3218	996	77	0.0000	658
358	-51.8226	995	77	0.0000	661
359	-52.3269	993	77	0.0000	664
360	-52.8347	991	76	0.0000	667
361	-53.3461	989	76	0.0000	670
362	-53.8610	987	76	0.0000	673
363	-54.3795	986	76	0.0000	676
364	-54.9015	984	75	0.0000	679
365	-55.4272	982	75	0.0000	682
366	-55.9564	980	75	0.0000	685
367	-56.4893	979	74	0.0000	688
368	-57.0258	977	74	0.0000	691
369	-57.5660	975	74	0.0000	694
370	-58.1098	973	74	0.0000	697
371	-58.6572	972	73	0.0000	700
372	-59.2084	970	73	0.0000	703
373	-59.7632	968	73	0.0000	706
374	-60.3218	967	73	0.0000	710
375	-60.8840	965	72	0.0000	713
376	-61.4500	963	72	0.0000	716
377	-62.0198	962	72	0.0000	719
378	-62.5933	960	72	0.0000	722
379	-63.1706	959	71	0.0000	725
380	-63.7516	957	71	0.0000	728
381	-64.3365	955	71	0.0000	731
382	-64.9251	954	71	0.0000	735
383	-65.5176	952	70	0.0000	738
384	-66.1139	951	70	0.0000	741
385	-66.7141	949	70	0.0000	744
386	-67.3181	948	70	0.0000	747
387	-67.9260	946	70	0.0000	750
388	-68.5377	945	69	0.0000	753
389	-69.1534	943	69	0.0000	757
390	-69.7729	942	69	0.0000	760
391	-70.3964	940	69	0.0000	763
392	-71.0238	939	69	0.0000	766
393	-71.6552	937	68	0.0000	769
394	-72.2905	936	68	0.0000	773
395	-72.9298	934	68	0.0000	776
396	-73.5731	933	68	0.0000	779
397	-74.2203	931	67	0.0000	782
398	-74.8716	930	67	0.0000	786
399	-75.5269	929	67	0.0000	789
400	-76.1862	927	67	0.0000	792
401	-76.8496	926	67	0.0000	795
402	-77.5170	924	66	0.0000	798
403	-78.1885	923	66	0.0000	802
404	-78.8640	922	66	0.0000	805
405	-79.5437	920	66	0.0000	808
406	-80.2275	919	66	0.0000	811
407	-80.9153	917	65	0.0000	815
408	-81.6073	916	65	0.0000	818
409	-82.3035	915	65	0.0000	821
410	-83.0038	913	65	0.0000	825
411	-83.7083	912	65	0.0000	828
412	-84.4169	911	64	0.0000	831
413	-85.1298	909	64	0.0000	834
414	-85.8468	908	64	0.0000	838
415	-86.5681	907	64	0.0000	841
416	-87.2936	905	64	0.0000	844
417	-88.0233	904	63	0.0000	848
418	-88.7573	903	63	0.0000	851
419	-89.4956	901	63	0.0000	854
420	-90.2381	900	63	0.0000	858
421	-90.9849	899	63	0.0000	861
422	-91.7360	897	63	0.0000	864
423	-92.4915	896	62	0.0000	868
424	-93.2512	895	62	0.0000	871
425	-94.0153	894	62	0.0000	874
426	-94.7838	892	62	0.0000	878
427	-95.5566	891	62	0.0000	881
428	-96.3338	890	62	0.0000	884
429	-97.1154	889	61	0.0000	888
430	-97.9014	887	61	0.0000	891
431	-98.6918	886	61	0.0000	895
432	-99.4866	885	61	0.0000	898
433	-100.2858	884	61	0.0000	901
434	-101.0895	882	60	0.0000	905
435	-101.8977	881	60	0.0000	908
436	-102.7104	880	60	0.0000	912
437	-103.5275	879	60	0.0000	915
438	-104.3491	878	60	0.0000	918
439	-105.1753	876	60	0.0000	922
440	-106.0059	875	59	0.0000	925
441	-106.8412	874	59	0.0000	929
442	-107.6809	873	59	0.0000	932
443	-108.5252	872	59	0.0000	936
444	-109.3741	870	59	0.0000	939
445	-110.2276	869	59	0.0000	942
446	-111.0857	868	59	0.0000	946
447	-111.9484	867	58	0.0000	949
448	-112.8157	866	58	0.0000	953
449	-113.6876	865	58	0.0000	956
450	-114.5642	863	58	0.0000	960
451	-115.4455	862	58	0.0000	963
452	-116.3314	861	58	0.0000	967
453	-117.2220	860	57	0.0000	970
454	-118.1173	859	57	0.0000	974
455	-119.0173	858	57	0.0000	977
456	-119.9221	857	57	0.0000	981
457	-120.8316	855	57	0.0000	984
458	-121.7458	854	57	0.0000	988
459	-122.6648	853	57	0.0000	991
460	-123.5885	852	56	0.0000	995
461	-124.5171	851	56	0.0000	998
462	-125.4504	850	56	0.0000	1002
463	-126.3886	849	56	0.0000	1005
464	-127.3315	848	56	0.0000	1009
465	-128.2794	847	56	0.0000	1012
466	-129.2320	845	55	0.0000	1016
467	-130.1895	844	55	0.0000	1020
468	-131.1519	843	55	0.0000	1023
469	-132.1192	842	55	0.0000	1027
470	-133.0914	841	55	0.0000	1030
471	-134.0685	840	55	0.0000	1034
472	-135.0505	839	55	0.0000	1037
473	-136.0374	838	55	0.0000	1041
474	-137.0293	837	54	0.0000	1045
475	-138.0262	836	54	0.0000	1048
476	-139.0280	835	54	0.0000	1052
477	-140.0348	834	54	0.0000	1055
478	-141.0466	833	54	0.0000	1059
479	-142.0635	831	54	0.0000	1063
480	-143.0853	830	54	0.0000	1066
481	-144.1122	829	53	0.0000	1070
482	-145.1441	828	53	0.0000	1073
483	-146.1811	827	53	0.0000	1077
484	-147.2232	826	53	0.0000	1081
485	-148.2704	825	53	0.0000	1084
486	-149.3227	824	53	0.0000	1088
487	-150.3800	823	53	0.0000	1092
488	-151.4425	822	53	0.0000	1095
489	-152.5102	821	52	0.0000	1099
490	-153.5830	820	52	0.0000	1102
491	-154.6610	819	52	0.0000	1106
492	-155.7441	818	52	0.0000	1110
493	-156.8324	817	52	0.0000	1113
494	-157.9260	816	52	0.0000	1117
495	-159.0247	815	52	0.0000	1121
496	-160.1287	814	51	0.0000	1125
497	-161.2379	813	51	0.0000	1128
498	-162.3524	812	51	0.0000	1132
499	-163.4722	811	51	0.0000	1136
500	-164.5972	810	51	0.0000	1139